rank	brandName	count	type
1	KAMAZ	8705	МАРКА
2	LADA	7995	МАРКА
3	Россия	6773	ИСКЛЮЧИТЬ
4	ГАЗ	6089	МАРКА
5	UAZ	5585	МАРКА
6	HYUNDAI/KIA/MOBIS	5287	МАРКА
7	TRIALLI	3720	БРЕНД
8	FEBEST	2840	БРЕНД
9	BOSCH	2838	БРЕНД
10	GENERAL MOTORS	2828	МАРКА
11	FENOX	2793	БРЕНД
12	PATRON	2699	БРЕНД
13	AIRLINE	2623	БРЕНД
14	MASUMA	2612	БРЕНД
15	VAG	2609	МАРКА
16	LYNXauto	2584	БРЕНД
17	TOYOTA	2163	МАРКА
18	CTR	1852	БРЕНД
19	MTZ	1779	МАРКА
20	ZOMMER	1725	БРЕНД
21	БРТ	1709	СЕРАЯ_ЗОНА
22	Ford	1628	МАРКА
23	LUZAR	1627	БРЕНД
24	TRW	1601	БРЕНД
25	SAT	1524	СЕРАЯ_ЗОНА
26	МАЗ	1519	МАРКА
27	Autocomponent	1456	СЕРАЯ_ЗОНА
28	MANN	1442	БРЕНД
29	SANGSIN	1427	БРЕНД
30	STARTVOLT	1421	БРЕНД
31	БелЗАН	1417	СЕРАЯ_ЗОНА
32	FEBI	1399	БРЕНД
33	NISSAN	1381	МАРКА
34	MERCEDES-BENZ	1369	МАРКА
35	Stellox	1353	БРЕНД
36	FILTRON	1328	БРЕНД
37	MITSUBISHI	1184	МАРКА
38	AMD	1181	СЕРАЯ_ЗОНА
39	KAYABA	1164	БРЕНД
40	CHERY	1113	МАРКА
41	МТЗ	1097	МАРКА
42	BIG FILTER	1096	БРЕНД
43	LECAR	1093	БРЕНД
44	Renault	1093	МАРКА
45	SAKURA	1081	БРЕНД
46	ЯМЗ	1078	СЕРАЯ_ЗОНА
47	Дело Техники	1075	СЕРАЯ_ЗОНА
48	ПАЗ	1075	МАРКА
49	MILES	1056	СЕРАЯ_ЗОНА
50	ЗМЗ	1026	СЕРАЯ_ЗОНА
51	DELPHI	1004	БРЕНД
52	KORTEX	967	БРЕНД
53	Cargen	967	СЕРАЯ_ЗОНА
54	Haffen	964	СЕРАЯ_ЗОНА
55	MetalPart	916	СЕРАЯ_ЗОНА
56	NK	906	СЕРАЯ_ЗОНА
57	NGK	904	БРЕНД
58	Kumho	886	БРЕНД
59	VETTLER	876	БРЕНД
60	ЗИЛ	852	МАРКА
61	Replay	852	СЕРАЯ_ЗОНА
62	GATES	836	БРЕНД
63	MANDO	836	БРЕНД
64	LEMFORDER	833	БРЕНД
65	Красная Этна	820	СЕРАЯ_ЗОНА
66	PIRELLI	789	БРЕНД
67	Elring	776	БРЕНД
68	DAYCO	772	БРЕНД
69	УРАЛАЗ	764	МАРКА
70	ПТП64	724	СЕРАЯ_ЗОНА
71	NTN-SNR	722	БРЕНД
72	SACHS	715	БРЕНД
73	CITROEN/PEUGEOT	706	МАРКА
74	GoodWill	699	СЕРАЯ_ЗОНА
75	MEYLE	685	БРЕНД
76	PRAVT	673	СЕРАЯ_ЗОНА
77	Cummins	671	СЕРАЯ_ЗОНА
78	ABRO	660	БРЕНД
79	Fleetguard	648	БРЕНД
80	ПЕКАР	647	СЕРАЯ_ЗОНА
81	TSN	645	СЕРАЯ_ЗОНА
82	PARTS-MALL	643	БРЕНД
83	JP GROUP	642	БРЕНД
84	ROSTAR	641	СЕРАЯ_ЗОНА
85	NORPLAST	631	БРЕНД
86	VICTOR REINZ	623	БРЕНД
87	JAPANPARTS	615	БРЕНД
88	ТЕХНОРЕСУРС	615	СЕРАЯ_ЗОНА
89	Krauf	610	БРЕНД
90	NIBK	608	БРЕНД
91	DENSO	601	БРЕНД
92	QUATTRO FRENI	595	БРЕНД
93	КИТАЙ	578	ИСКЛЮЧИТЬ
94	JS ASAKASHI	577	БРЕНД
95	HONDA	575	МАРКА
96	Foton	574	МАРКА
97	NIPPARTS	569	БРЕНД
98	INA	568	БРЕНД
99	TYG	568	БРЕНД
100	LIFAN	552	МАРКА
101	GREAT WALL	543	МАРКА
102	ERA	541	БРЕНД
103	CORTECO	538	БРЕНД
104	АДС	538	СЕРАЯ_ЗОНА
105	KUDO	535	СЕРАЯ_ЗОНА
106	BMW	529	МАРКА
107	KNECHT	529	БРЕНД
108	BREMBO	526	БРЕНД
109	HANS PRIES	520	СЕРАЯ_ЗОНА
110	Автомагнат	519	СЕРАЯ_ЗОНА
111	ММЗ	518	МАРКА
112	DEPO	509	БРЕНД
113	BLUEPRINT	491	БРЕНД
114	MAHLE	487	БРЕНД
115	MONROE	485	БРЕНД
116	ЧТЗ	477	МАРКА
117	SSANG YONG	477	МАРКА
118	SKF	476	БРЕНД
119	ДААЗ	471	СЕРАЯ_ЗОНА
120	Suzuki	463	МАРКА
121	JIKIU	460	СЕРАЯ_ЗОНА
122	MAZDA	449	МАРКА
123	Zekkert	449	БРЕНД
124	Волгопромтранс	449	СЕРАЯ_ЗОНА
125	JONNESWAY	445	БРЕНД
126	GEELY	445	МАРКА
127	DAEWOO	441	МАРКА
128	SWAG	438	БРЕНД
129	Пластик	434	ИСКЛЮЧИТЬ
130	LESJOFORS	431	БРЕНД
131	FAG	428	БРЕНД
132	GMB	427	БРЕНД
133	PILENGA	422	СЕРАЯ_ЗОНА
134	Autofamily	417	СЕРАЯ_ЗОНА
135	Автодеталь	417	СЕРАЯ_ЗОНА
136	MARSHALL	417	СЕРАЯ_ЗОНА
137	Автоприбор	413	СЕРАЯ_ЗОНА
138	ASAM	412	БРЕНД
139	Автоглушитель	402	СЕРАЯ_ЗОНА
140	АвтоДело	396	СЕРАЯ_ЗОНА
141	JD	392	СЕРАЯ_ЗОНА
142	AUTO-GUR	387	СЕРАЯ_ЗОНА
143	ГОСТех	381	СЕРАЯ_ЗОНА
144	Освар	376	СЕРАЯ_ЗОНА
145	AP	372	СЕРАЯ_ЗОНА
146	TRANSMASTER	369	СЕРАЯ_ЗОНА
147	Сэви	367	СЕРАЯ_ЗОНА
148	FINWHALE	364	БРЕНД
149	NTY	358	БРЕНД
150	NSP	357	СЕРАЯ_ЗОНА
151	РЗИ	356	СЕРАЯ_ЗОНА
152	Техно Драйв	352	СЕРАЯ_ЗОНА
153	АВАР	352	СЕРАЯ_ЗОНА
154	RedBTR	348	СЕРАЯ_ЗОНА
155	ELEMENT	348	СЕРАЯ_ЗОНА
156	SORL	345	БРЕНД
157	Camozzi	345	СЕРАЯ_ЗОНА
158	LONGHO	343	СЕРАЯ_ЗОНА
159	POLCAR	341	БРЕНД
160	Metaco	337	СЕРАЯ_ЗОНА
161	Роснефть	336	БРЕНД
162	ТехАвтоСвет	331	СЕРАЯ_ЗОНА
163	DONALDSON	331	БРЕНД
164	ZF	330	БРЕНД
165	sampa	322	БРЕНД
166	СОАТЭ	322	СЕРАЯ_ЗОНА
167	FELIX	321	СЕРАЯ_ЗОНА
168	ASVA	316	СЕРАЯ_ЗОНА
169	ТехноПласт	315	СЕРАЯ_ЗОНА
170	BSG	313	СЕРАЯ_ЗОНА
171	Arirang	313	СЕРАЯ_ЗОНА
172	МАЯК	312	СЕРАЯ_ЗОНА
173	ROSTECO	304	СЕРАЯ_ЗОНА
174	Valeo	303	БРЕНД
175	DONGIL	300	СЕРАЯ_ЗОНА
176	SASIC	299	БРЕНД
177	FRENKIT	291	БРЕНД
178	MegaPower	291	СЕРАЯ_ЗОНА
179	SUBARU	290	МАРКА
180	OPTIMAL	287	БРЕНД
181	TECHNIK	286	СЕРАЯ_ЗОНА
182	Агрегат	285	ИСКЛЮЧИТЬ
183	Автопартнер	285	СЕРАЯ_ЗОНА
184	Cordiant	285	БРЕНД
185	GREEN FILTER	282	СЕРАЯ_ЗОНА
186	Трек	282	СЕРАЯ_ЗОНА
187	ВМТЗ	281	СЕРАЯ_ЗОНА
188	DIESEL TECHNIC	276	БРЕНД
189	RUVILLE	275	БРЕНД
190	SIDEM	273	БРЕНД
191	CONTITECH	272	БРЕНД
192	NOVLINE	271	СЕРАЯ_ЗОНА
193	Sirit	269	СЕРАЯ_ЗОНА
194	VOLVO	268	МАРКА
195	AT	266	СЕРАЯ_ЗОНА
196	ЧМЗ	265	СЕРАЯ_ЗОНА
197	MAPCO	264	БРЕНД
198	Технотрон	261	СЕРАЯ_ЗОНА
199	Урал	260	МАРКА
200	Сызрань	257	ИСКЛЮЧИТЬ
201	УМЗ	256	СЕРАЯ_ЗОНА
202	ATE	255	БРЕНД
203	DOMINANT	250	СЕРАЯ_ЗОНА
204	TORR	250	СЕРАЯ_ЗОНА
205	Nakayama	250	СЕРАЯ_ЗОНА
206	KR	248	СЕРАЯ_ЗОНА
207	Blitz	243	СЕРАЯ_ЗОНА
208	Fritex	243	СЕРАЯ_ЗОНА
209	BM	243	СЕРАЯ_ЗОНА
210	FRANCECAR	242	СЕРАЯ_ЗОНА
211	ЛиАЗ	242	МАРКА
212	BZAK	240	СЕРАЯ_ЗОНА
213	Русская механика	239	МАРКА
214	ДАЙДО МЕТАЛЛ РУСЬ	238	БРЕНД
215	------------	237	ИСКЛЮЧИТЬ
216	RIVAL	234	СЕРАЯ_ЗОНА
217	ВолгаАвтоПром	233	СЕРАЯ_ЗОНА
218	IBERIS	232	СЕРАЯ_ЗОНА
219	СпецМаш	232	СЕРАЯ_ЗОНА
220	SEINTEX	230	СЕРАЯ_ЗОНА
221	Мотордеталь	230	СЕРАЯ_ЗОНА
222	Балаково Запчасть	230	СЕРАЯ_ЗОНА
223	Резинотехника	230	ИСКЛЮЧИТЬ
224	Fobos	229	СЕРАЯ_ЗОНА
225	AMZ	229	СЕРАЯ_ЗОНА
226	Автоарматура	228	СЕРАЯ_ЗОНА
227	ACDELCO	228	БРЕНД
228	RIGINAL	227	СЕРАЯ_ЗОНА
229	ONNURI	227	БРЕНД
230	Балаково	225	ИСКЛЮЧИТЬ
231	LUK	225	БРЕНД
232	Tatsumi	224	БРЕНД
233	KERRY	224	СЕРАЯ_ЗОНА
234	LAVR	221	БРЕНД
235	БЗТДиА	220	СЕРАЯ_ЗОНА
236	ПРАМО	219	СЕРАЯ_ЗОНА
237	MOOG	219	БРЕНД
238	AVTOELECTRICA	219	СЕРАЯ_ЗОНА
239	KMK GLASS	215	СЕРАЯ_ЗОНА
240	KOLBENSCHMIDT	215	СЕРАЯ_ЗОНА
241	SAILING	214	СЕРАЯ_ЗОНА
242	OSRAM	214	БРЕНД
243	VMPAuto	213	СЕРАЯ_ЗОНА
244	Сервис ключ	213	СЕРАЯ_ЗОНА
245	ganz	212	СЕРАЯ_ЗОНА
246	Euroricambi	206	СЕРАЯ_ЗОНА
247	SCT	205	БРЕНД
248	АвтоТрейд	204	СЕРАЯ_ЗОНА
249	CHAMPION	204	БРЕНД
250	KOYO	203	БРЕНД
251	NORD YADA	201	СЕРАЯ_ЗОНА
252	AIKO	201	СЕРАЯ_ЗОНА
253	Auto-Comfort	200	СЕРАЯ_ЗОНА
254	РСТ	200	СЕРАЯ_ЗОНА
255	TESLA	199	СЕРАЯ_ЗОНА
256	HELLA	199	БРЕНД
257	LS Group	198	СЕРАЯ_ЗОНА
258	ERGON	197	СЕРАЯ_ЗОНА
259	fixar	196	СЕРАЯ_ЗОНА
260	TEXTAR	195	БРЕНД
261	АЗГ	195	СЕРАЯ_ЗОНА
262	REZKON	194	СЕРАЯ_ЗОНА
263	MATRIX	193	СЕРАЯ_ЗОНА
264	Daimler AG	193	МАРКА
265	ЗавГар	193	СЕРАЯ_ЗОНА
266	LIQUI MOLY	191	БРЕНД
267	AMIWA	190	СЕРАЯ_ЗОНА
268	ALFA/FIAT/LANCIA	190	МАРКА
269	ТОЧКА ОПОРЫ	190	СЕРАЯ_ЗОНА
270	ZZVF	190	СЕРАЯ_ЗОНА
271	Костромской Фильтр	190	СЕРАЯ_ЗОНА
272	AVS	188	СЕРАЯ_ЗОНА
273	Hola	188	СЕРАЯ_ЗОНА
274	Скад	188	СЕРАЯ_ЗОНА
275	КВАДРАТИС	187	СЕРАЯ_ЗОНА
276	АГАТЭК	186	СЕРАЯ_ЗОНА
277	ИАТ	185	СЕРАЯ_ЗОНА
278	LAND ROVER	185	МАРКА
279	Weichai	184	СЕРАЯ_ЗОНА
280	Remsa	184	БРЕНД
281	BOSAL	183	БРЕНД
282	VIKA	183	СЕРАЯ_ЗОНА
283	Ливны	182	ИСКЛЮЧИТЬ
284	AUTOFREN	182	БРЕНД
285	SIGNEDA	182	СЕРАЯ_ЗОНА
286	КЗАТЭ	181	СЕРАЯ_ЗОНА
287	KAC	178	СЕРАЯ_ЗОНА
288	Нефаз	178	МАРКА
289	ADR	178	СЕРАЯ_ЗОНА
290	prc	177	СЕРАЯ_ЗОНА
291	ГПЗ	177	СЕРАЯ_ЗОНА
292	masterkit	176	СЕРАЯ_ЗОНА
293	JAC	174	МАРКА
294	NSK	174	СЕРАЯ_ЗОНА
295	ELWIS ROYAL	173	СЕРАЯ_ЗОНА
296	LEX	173	СЕРАЯ_ЗОНА
297	Уценка	173	ИСКЛЮЧИТЬ
298	Goodyear	173	СЕРАЯ_ЗОНА
299	Brisk	172	СЕРАЯ_ЗОНА
300	СибрТех	171	СЕРАЯ_ЗОНА
301	APP Grupp	171	СЕРАЯ_ЗОНА
302	ЯРТИ	170	СЕРАЯ_ЗОНА
303	Волжский Стандарт	170	СЕРАЯ_ЗОНА
304	ХТЗ	168	МАРКА
305	ELTRANS	167	СЕРАЯ_ЗОНА
306	NEVSKY FILTER	167	СЕРАЯ_ЗОНА
307	Ekofil	167	СЕРАЯ_ЗОНА
308	G-part	167	СЕРАЯ_ЗОНА
309	MAGNETI MARELLI	166	БРЕНД
310	JORDEN	166	СЕРАЯ_ЗОНА
311	ATEK	166	СЕРАЯ_ЗОНА
312	САН-Д	165	СЕРАЯ_ЗОНА
313	IVECO	165	МАРКА
314	Cartronic	165	СЕРАЯ_ЗОНА
315	Газелист52	164	СЕРАЯ_ЗОНА
316	ProДеталь	163	СЕРАЯ_ЗОНА
317	РААЗ	162	СЕРАЯ_ЗОНА
318	ALCA	160	СЕРАЯ_ЗОНА
319	DELLO	159	СЕРАЯ_ЗОНА
320	ГПЗ-34	159	СЕРАЯ_ЗОНА
321	РемТорг	159	СЕРАЯ_ЗОНА
322	ЭМИ	159	СЕРАЯ_ЗОНА
323	STELS	158	МАРКА
324	CARGO	157	СЕРАЯ_ЗОНА
325	TYC	157	СЕРАЯ_ЗОНА
326	VTR	156	СЕРАЯ_ЗОНА
327	HENGST	156	СЕРАЯ_ЗОНА
328	CHRYSLER	155	МАРКА
329	AJUSA	155	БРЕНД
330	YAMAHA	154	МАРКА
331	GSP	154	БРЕНД
332	DANA	153	БРЕНД
333	ASP	152	СЕРАЯ_ЗОНА
334	ВЫМПЕЛ	152	СЕРАЯ_ЗОНА
335	AVANTECH	151	СЕРАЯ_ЗОНА
336	FORTECH	151	СЕРАЯ_ЗОНА
337	ЭКРИС	151	СЕРАЯ_ЗОНА
338	БАТЭ	150	СЕРАЯ_ЗОНА
339	Avtostandart	150	СЕРАЯ_ЗОНА
340	Амкодор	150	МАРКА
341	Shaanxi/Shacman	150	МАРКА
342	ASHIKA	149	СЕРАЯ_ЗОНА
343	Areon	149	БРЕНД
344	NORMA	147	БРЕНД
345	AWM	146	СЕРАЯ_ЗОНА
346	BILSTEIN	146	БРЕНД
347	ЯЗДА	145	СЕРАЯ_ЗОНА
348	Philips	144	БРЕНД
349	ZIMMERMANN	144	БРЕНД
350	КМД	144	СЕРАЯ_ЗОНА
351	СЗРТ	144	СЕРАЯ_ЗОНА
352	SS20	143	БРЕНД
353	HOFER	143	СЕРАЯ_ЗОНА
354	JCB	142	МАРКА
355	CARDEX	141	СЕРАЯ_ЗОНА
356	Zikmar	141	СЕРАЯ_ЗОНА
357	NARVA	141	БРЕНД
358	CBD	140	СЕРАЯ_ЗОНА
359	SDS Exclusive	140	СЕРАЯ_ЗОНА
360	METALCAUCHO	139	БРЕНД
361	Brave	139	СЕРАЯ_ЗОНА
362	AYWIPARTS	139	СЕРАЯ_ЗОНА
363	Строймаш	138	СЕРАЯ_ЗОНА
364	Mannol	138	БРЕНД
365	CS-20	138	СЕРАЯ_ЗОНА
366	ШААЗ	136	СЕРАЯ_ЗОНА
367	MTF	135	БРЕНД
368	Trebl	135	БРЕНД
369	КААЗ	135	СЕРАЯ_ЗОНА
370	FRAM	135	БРЕНД
371	Н. НОВГОРОД	134	ИСКЛЮЧИТЬ
372	Антей-К	134	СЕРАЯ_ЗОНА
373	IDEMITSU	134	БРЕНД
374	ЧелныЗапЧасть	133	СЕРАЯ_ЗОНА
375	Тент	132	ИСКЛЮЧИТЬ
376	K&K	132	СЕРАЯ_ЗОНА
377	LUKOIL	130	БРЕНД
378	O.E.M.	130	ИСКЛЮЧИТЬ
379	Skyway	130	БРЕНД
380	Энергомаш	129	СЕРАЯ_ЗОНА
381	Юнион	128	СЕРАЯ_ЗОНА
382	WABCO	127	БРЕНД
383	Gazpromneft	127	БРЕНД
384	Спецмаш-НН	127	СЕРАЯ_ЗОНА
385	ВгТЗ	125	МАРКА
386	МЕТАЛЛОКОМПЕНСАТОР	125	СЕРАЯ_ЗОНА
387	АвтоРад	125	СЕРАЯ_ЗОНА
388	OSSCA	124	БРЕНД
389	Espra	124	СЕРАЯ_ЗОНА
390	Тольятти	123	ИСКЛЮЧИТЬ
391	TEKNOROT	123	БРЕНД
392	ТехноПартнер	122	СЕРАЯ_ЗОНА
393	БелМаг	122	СЕРАЯ_ЗОНА
394	Master Part	122	СЕРАЯ_ЗОНА
395	БААЗ	122	СЕРАЯ_ЗОНА
396	Gamma	122	СЕРАЯ_ЗОНА
397	TORQUE	121	СЕРАЯ_ЗОНА
398	UkorAuto	121	СЕРАЯ_ЗОНА
399	BGA	120	БРЕНД
400	Витязь	120	СЕРАЯ_ЗОНА
401	Формула Света	120	СЕРАЯ_ЗОНА
402	БЗА	118	СЕРАЯ_ЗОНА
403	ISUZU	118	МАРКА
404	WHCQ	118	СЕРАЯ_ЗОНА
405	Carum	118	СЕРАЯ_ЗОНА
406	KLOKKERHOLM	118	БРЕНД
407	HanDe Axle	118	БРЕНД
408	4U	117	СЕРАЯ_ЗОНА
409	TORK	116	СЕРАЯ_ЗОНА
410	БелАвтоКомплект	115	СЕРАЯ_ЗОНА
411	АВТОБЛИК 2	115	СЕРАЯ_ЗОНА
412	Hengda	114	СЕРАЯ_ЗОНА
413	CARVILLE RACING	114	СЕРАЯ_ЗОНА
414	АЗПИ	113	СЕРАЯ_ЗОНА
415	БЗРП	113	СЕРАЯ_ЗОНА
416	NISSENS	112	БРЕНД
417	ПТЗ	112	СЕРАЯ_ЗОНА
418	VERNET	111	БРЕНД
419	АВТОРГ	110	СЕРАЯ_ЗОНА
420	Valtra	110	МАРКА
421	AUGER	110	СЕРАЯ_ЗОНА
422	ILJIN	109	БРЕНД
423	ОЗАА	108	СЕРАЯ_ЗОНА
424	RTS	108	СЕРАЯ_ЗОНА
425	ЛЭТЗ	108	СЕРАЯ_ЗОНА
426	Автоэлектроконтакт	108	СЕРАЯ_ЗОНА
427	QUARTZ	107	БРЕНД
428	DIFA	107	СЕРАЯ_ЗОНА
429	Начало	107	СЕРАЯ_ЗОНА
430	Полиуретан	107	ИСКЛЮЧИТЬ
431	KLAKSON	107	БРЕНД
432	DELTA	107	СЕРАЯ_ЗОНА
433	HSB	106	СЕРАЯ_ЗОНА
434	АДВЕРС	106	СЕРАЯ_ЗОНА
435	ASIN	106	БРЕНД
436	Vendor	105	СЕРАЯ_ЗОНА
437	Motul	105	БРЕНД
438	РСП	105	СЕРАЯ_ЗОНА
439	OMBRA	105	БРЕНД
440	UFI	105	БРЕНД
441	Элемент	105	СЕРАЯ_ЗОНА
442	Ledo	105	СЕРАЯ_ЗОНА
443	УРАЛСБЫТ	104	СЕРАЯ_ЗОНА
444	Вати	104	СЕРАЯ_ЗОНА
445	JTC	104	БРЕНД
446	MEAT & DORIA	103	БРЕНД
447	GRASS	103	БРЕНД
448	ABS	103	СЕРАЯ_ЗОНА
449	ASTROHIM	103	БРЕНД
450	AKOM	102	БРЕНД
451	AKITAKA	102	СЕРАЯ_ЗОНА
452	Rexant	102	БРЕНД
453	БХЗ	101	СЕРАЯ_ЗОНА
454	HI-GEAR	101	БРЕНД
455	RAVENOL	101	БРЕНД
456	Европлюс	101	СЕРАЯ_ЗОНА
457	АТЗ	101	СЕРАЯ_ЗОНА
458	SVS	100	СЕРАЯ_ЗОНА
459	GUD	100	СЕРАЯ_ЗОНА
460	Totachi	100	БРЕНД
461	Api	100	СЕРАЯ_ЗОНА